Workbook

Sheet Principes
B2: Sentier — Taxonomie des leçons
B3: Hiérarchie à 3 niveaux, identifiants stables, périmètre V1 distinct du catalogue étendu. 3 septembre 2026.
B5: Forme
B6: Domaine (3 lettres) → Sous-domaine (DOM.XXX) → Leçon (DOM.XXX.000)
B7: L'identifiant ne change plus. On peut renommer le titre français.
B8: Une leçon = un objectif observable, pas un thème flou. « Les émotions » n'est pas une leçon ; « Être en colère » l'est.
B10: Règles de découpe
B11: Un sous-domaine tient dans la tête d'un parent en une phrase.
B12: Une leçon tient dans une scène de 2 à 4 minutes, réutilisable dans plusieurs arbres.
B13: On n'empile pas deux leçons critiques dans la même scène (feu + prises). On peut enchaîner dans le même arbre, scènes séparées.
B14: Les leçons secondaires d'un arbre viennent de domaines compatibles (parc → rue + partage + moquerie).
B16: Ce qui n'entre pas dans la taxonomie
... B25: Plus tard : hors MVP (pays, sons fins, etc.).

Sheet Chiffres
B2: Volume de la taxonomie
B4: Leçons au catalogue | C4: =COUNTA(Leçons!E2:E82) -> 81
B5: V1-pilote | C5: =COUNTIF(Leçons!I:I,"V1-pilote") -> 13
B6: V1 | C6: =COUNTIF(Leçons!I:I,"V1") -> 44
B7: V1.1 | C7: =COUNTIF(Leçons!I:I,"V1.1") -> 22
B8: Plus tard | C8: =COUNTIF(Leçons!I:I,"Plus tard") -> 2
B10: Framing critique (positive_only) | C10: =COUNTIF(Leçons!H:H,"positive_only_critical") -> 9
B11: Framing émotion | C11: =COUNTIF(Leçons!H:H,"emotional") -> 13
B12: Framing respect | C12: =COUNTIF(Leçons!H:H,"respect") -> 11
B13: Framing standard | C13: =COUNTIF(Leçons!H:H,"standard") -> 48

Sheet Domaines
A1: ID | B1: Domaine | C1: Intention pour l'enfant | D1: Sous-domaines | E1: Nb leçons | F1: Nb V1-pilote | G1: Compatibilité typique d'arbre
A2: SAN | B2: Santé et quotidien | C2: Prendre soin de son corps au jour le jour. | D2: Alimentation, hygiène, sommeil, bouger, écrans | E2: =COUNTIF(Leçons!A:A,A2) -> 9 | F2: =COUNTIFS(Leçons!A:A,A2,Leçons!I:I,"V1-pilote") -> 1 | G2: Maison, repas, soir
A3: SEC | B3: Sécurité | C3: Savoir où mettre son corps et qui appeler. | D3: Rue, maison, parc, aller vers un adulte | E3: =COUNTIF(Leçons!A:A,A3) -> 9 | F3: =COUNTIFS(Leçons!A:A,A3,Leçons!I:I,"V1-pilote") -> 3 | G3: Rue, maison, magasin, parc
A4: EMO | B4: Émotions | C4: Nommer ce qui se passe dedans et choisir un geste sûr. | D4: Lexique, geste sûr | E4: =COUNTIF(Leçons!A:A,A4) -> 12 | F4: =COUNTIFS(Leçons!A:A,A4,Leçons!I:I,"V1-pilote") -> 2 | G4: Partout ; souvent après un petit problème
A5: REL | B5: Relations | C5: Vivre avec les autres enfants sans se faire mal. | D5: Partage, conflit, amitié, moqueries | E5: =COUNTIF(Leçons!A:A,A5) -> 8 | F5: =COUNTIFS(Leçons!A:A,A5,Leçons!I:I,"V1-pilote") -> 3 | G5: Parc, école, maison avec fratrie
A6: DIF | B6: Différences du quotidien | C6: Ne pas se moquer. Jouer avec un camarade différent. | D6: Corps, parole, énergie, besoins concrets | E6: =COUNTIF(Leçons!A:A,A6) -> 8 | F6: =COUNTIFS(Leçons!A:A,A6,Leçons!I:I,"V1-pilote") -> 2 | G6: Parc, école, goûter d'anniversaire
A7: AUT | B7: Autonomie | C7: S'occuper de ses affaires, un peu tout seul. | D7: Affaires, rangement, routines | E7: =COUNTIF(Leçons!A:A,A7) -> 5 | F7: =COUNTIFS(Leçons!A:A,A7,Leçons!I:I,"V1-pilote") -> 2 | G7: Départ, retour, chambre
A8: FAM | B8: Famille et confiance | C8: Parler à papa et maman, surtout quand c'est difficile. | D8: Vérité, surprise/secret, aide | E8: =COUNTIF(Leçons!A:A,A8) -> 4 | F8: =COUNTIFS(Leçons!A:A,A8,Leçons!I:I,"V1-pilote") -> 0 | G8: Maison, après l'école
A9: COL | B9: Vie collective | C9: Les petits mots et les règles de la classe. | D9: Politesse, école | E9: =COUNTIF(Leçons!A:A,A9) -> 3 | F9: =COUNTIFS(Leçons!A:A,A9,Leçons!I:I,"V1-pilote") -> 0 | G9: École, cantine, visite
A10: VIV | B10: Monde vivant | C10: Nommer les animaux, leurs petits, en prendre soin. | D10: Animaux, plantes | E10: =COUNTIF(Leçons!A:A,A10) -> 4 | F10: =COUNTIFS(Leçons!A:A,A10,Leçons!I:I,"V1-pilote") -> 0 | G10: Ferme, jardin, livre raconté
A11: TMP | B11: Temps et nature | C11: Se situer dans le jour, la semaine, l'année. | D11: Jour/nuit, semaine, mois, saisons, météo | E11: =COUNTIF(Leçons!A:A,A11) -> 6 | F11: =COUNTIFS(Leçons!A:A,A11,Leçons!I:I,"V1-pilote") -> 0 | G11: Matin/soir, fenêtre, manteau
A12: SOC | B12: Vie concrète | C12: Comprendre le monde utile : métiers, argent, transports. | D12: Transports, métiers, argent, cuisine, lieux | E12: =COUNTIF(Leçons!A:A,A12) -> 7 | F12: =COUNTIFS(Leçons!A:A,A12,Leçons!I:I,"V1-pilote") -> 0 | G12: Marché, gare, cuisine
A13: JEU | B13: Jeux et sport | C13: Jouer ensemble et accepter le résultat. | D13: Ballon, règles | E13: =COUNTIF(Leçons!A:A,A13) -> 3 | F13: =COUNTIFS(Leçons!A:A,A13,Leçons!I:I,"V1-pilote") -> 0 | G13: Parc, récréation
A14: LAN | B14: Langage et logique | C14: Nommer, compter, classer dans l'histoire. | D14: Mots, nombres, sons | E14: =COUNTIF(Leçons!A:A,A14) -> 3 | F14: =COUNTIFS(Leçons!A:A,A14,Leçons!I:I,"V1-pilote") -> 0 | G14: Cuisine, rangement, trajet

Sheet Sous-domaines
A1: ID sous-domaine | B1: Domaine | C1: Sous-domaine | D1: Rôle | E1: Nb leçons
A2: SAN.ALI | B2: Santé et quotidien | C2: Alimentation | D2: Ce qu'on met dans l'assiette, sans culpabiliser. | E2: =COUNTIF(Leçons!C:C,A2) -> 3
A3: SAN.HYG | B3: Santé et quotidien | C3: Hygiène | D3: Gestes du corps propres, répétés. | E3: =COUNTIF(Leçons!C:C,A3) -> 3
A4: SAN.SOM | B4: Santé et quotidien | C4: Sommeil | D4: Le soir existe. On s'y prépare. | E4: =COUNTIF(Leçons!C:C,A4) -> 1
A5: SAN.MOV | B5: Santé et quotidien | C5: Bouger | D5: Le corps a besoin de bouger. | E5: =COUNTIF(Leçons!C:C,A5) -> 1
A6: SAN.ECR | B6: Santé et quotidien | C6: Écrans | D6: L'écran s'arrête. Un autre jeu commence. | E6: =COUNTIF(Leçons!C:C,A6) -> 1
A7: SEC.RUE | B7: Sécurité | C7: Rue et trajet | D7: Pieds sur le trottoir, main dans la main, feu vert. | E7: =COUNTIF(Leçons!C:C,A7) -> 3
A8: SEC.MAI | B8: Sécurité | C8: Maison | D8: Objets et lieux de la maison réservés aux adultes. | E8: =COUNTIF(Leçons!C:C,A8) -> 3
A9: SEC.PAR | B9: Sécurité | C9: Parc et dehors | D9: Jouer là où l'adulte voit. | E9: =COUNTIF(Leçons!C:C,A9) -> 1
A10: SEC.ADU | B10: Sécurité | C10: Aller vers un adulte | D10: La personne ressource a un nom : papa, maman, maîtresse. | E10: =COUNTIF(Leçons!C:C,A10) -> 2
A11: EMO.LEX | B11: Émotions | C11: Nommer l'émotion | D11: Un mot d'émotion = une leçon. | E11: =COUNTIF(Leçons!C:C,A11) -> 10
A12: EMO.GES | B12: Émotions | C12: Geste sûr | D12: Quoi faire du corps quand l'émotion est grande. | E12: =COUNTIF(Leçons!C:C,A12) -> 2
A13: REL.PAR | B13: Relations | C13: Partage et tour | D13: Le jouet et le tour. | E13: =COUNTIF(Leçons!C:C,A13) -> 2
... A45: LAN.SON | B45: Langage et logique | C45: Sons | D45: Reconnaître un bruit du quotidien. | E45: =COUNTIF(Leçons!C:C,A45) -> 1

Sheet Leçons
A1: Domaine ID | B1: Domaine | C1: Sous-domaine ID | D1: Sous-domaine | E1: Leçon ID | F1: Titre | G1: Objectif observable | H1: Framing | I1: Vague | J1: Branche Git fiche
A2: SAN | B2: Santé et quotidien | C2: SAN.ALI | D2: Alimentation | E2: SAN.ALI.001 | F2: Goûter un légume | G2: Goûter une petite portion, nommer le goût, sans humiliation ni chantage. | H2: standard | I2: V1-pilote | J2: feat/F-TAX-002-san-ali-001
A3: SAN | B3: Santé et quotidien | C3: SAN.ALI | D3: Alimentation | E3: SAN.ALI.002 | F3: S'asseoir pour manger | G3: On mange assis, à table, avec les autres de la famille. | H3: standard | I3: V1 | J3: feat/F-TAX-002-san-ali-002
A4: SAN | B4: Santé et quotidien | C4: SAN.ALI | D4: Alimentation | E4: SAN.ALI.003 | F4: Boire de l'eau | G4: Quand on a soif, on boit de l'eau. L'eau est à sa place, dans le verre. | H4: standard | I4: V1.1 | J4: feat/F-TAX-002-san-ali-003
A5: SAN | B5: Santé et quotidien | C5: SAN.HYG | D5: Hygiène | E5: SAN.HYG.001 | F5: Se laver les mains | G5: Avant de manger et après les toilettes, on se lave les mains avec le savon. | H5: standard | I5: V1 | J5: feat/F-TAX-002-san-hyg-001
A6: SAN | B6: Santé et quotidien | C6: SAN.HYG | D6: Hygiène | E6: SAN.HYG.002 | F6: Se brosser les dents | G6: Le matin et le soir, on brosse les dents avec papa ou maman. | H6: standard | I6: V1 | J6: feat/F-TAX-002-san-hyg-002
A7: SAN | B7: Santé et quotidien | C7: SAN.HYG | D7: Hygiène | E7: SAN.HYG.003 | F7: Se moucher / se couvrir | G7: On se mouche dans un mouchoir. On le jette à la poubelle. | H7: standard | I7: V1.1 | J7: feat/F-TAX-002-san-hyg-003
A8: SAN | B8: Santé et quotidien | C8: SAN.SOM | D8: Sommeil | E8: SAN.SOM.001 | F8: Aller se coucher | G8: Le soir on se prépare : pyjama, histoire, dodo. Le corps a besoin de dormir. | H8: standard | I8: V1 | J8: feat/F-TAX-002-san-som-001
A9: SAN | B9: Santé et quotidien | C9: SAN.MOV | D9: Bouger | E9: SAN.MOV.001 | F9: Jouer dehors un moment | G9: Le corps aime bouger au parc ou dans le jardin, avec un adulte. | H9: standard | I9: V1.1 | J9: feat/F-TAX-002-san-mov-001
A10: SAN | B10: Santé et quotidien | C10: SAN.ECR | D10: Écrans | E10: SAN.ECR.001 | F10: Arrêter l'écran quand on dit stop | G10: Quand papa ou maman dit que c'est fini, on éteint et on choisit un autre jeu. | H10: standard | I10: V1 | J10: feat/F-TAX-002-san-ecr-001
A11: SEC | B11: Sécurité | C11: SEC.RUE | D11: Rue et trajet | E11: SEC.RUE.001 | F11: S'arrêter au bord du trottoir | G11: On s'arrête avant la chaussée. Les pieds restent sur le trottoir. | H11: positive_only_critical | I11: V1-pilote | J11: feat/F-TAX-002-sec-rue-001
A12: SEC | B12: Sécurité | C12: SEC.RUE | D12: Rue et trajet | E12: SEC.RUE.002 | F12: Attendre le feu vert avec l'adulte | G12: On attend le feu vert piéton. On donne la main. On traverse avec l'adulte. | H12: positive_only_critical | I12: V1-pilote | J12: feat/F-TAX-002-sec-rue-002
... A82: LAN | B82: Langage et logique | C82: LAN.SON | D82: Sons | E82: LAN.SON.001 | F82: Reconnaître un son du quotidien | G82: La pluie, le train, le chat : on nomme ce qu'on entend. | H82: standard | I82: Plus tard | J82: feat/F-TAX-002-lan-son-001

Sheet Arbre pilote Parc
B2: Arbre pilote conseillé — Une sortie au parc
B3: Un seul arbre, plusieurs leçons en scènes séparées, plusieurs fins distinctes. Sert à éprouver moteur + validateurs + formulation positive.
B5: Ordre dans l'arbre | C5: Leçon ID | D5: Rôle dans la scène | E5: Notes de génération
B6: Accroche / trajet | C6: SEC.RUE.001 | D6: Principale puis | E6: S'arrêter au bord. Ne pas décrire la course sur la chaussée.
B7: Traversée | C7: SEC.RUE.002 | D7: Principale | E7: Feu vert, main, adulte. Question : « où attend-on ? »
B8: Arrivée au parc | C8: SEC.PAR.001 | D8: Secondaire | E8: Jouer là où l'adulte voit.
B9: Ballon | C9: REL.PAR.001 | D9: Principale de scène | E9: Partager / attendre son tour. Choix narratif jardin / bac à sable possible avant.
B10: Camarade qui bouscule | C10: REL.CON.001 | D10: Principale de scène | E10: Stop, s'éloigner, adulte. Pas de mode d'emploi de la bagarre.
B11: Colère | C11: EMO.LEX.005 | D11: Secondaire liée | E11: Nommer la colère après la bousculade. Mains loin.
B12: Geste | C12: EMO.GES.001 | D12: Renfort | E12: Dire stop et s'éloigner — réutilise la scène précédente.
B13: Camarade plus petit | C13: DIF.COR.001 | D13: Branche possible | E13: On l'invite au ballon. On ne commente pas la taille.
B14: Camarade très actif | C14: DIF.ENE.001 | D14: Branche possible | E14: On joue avec lui, on attend, on demande à l'adulte si besoin.
B15: Moquerie entendue | C15: REL.MOQ.001 | D15: Branche possible | E15: Ne pas rire. Ce n'est pas le gag de l'histoire.
B16: Soutien | C16: REL.MOQ.002 | D16: Suite de branche | E16: Rejoindre, prévenir un adulte si ça continue.
B17: Départ | C17: AUT.AFF.003 | D17: Fermeture | E17: Retrouver le manteau / le seau avant de rentrer.
